<?xml version="1.0" encoding="utf-8"?>
<button>
  <title>Arrow</title>
  <svg width="48" height="48" viewBox="0 0 508 508">
    <defs>
      <radialGradient id="aigrd1" gradientUnits="userSpaceOnUse"
         cx="220" cy="220" r="150" fx="220" fy="220">
        <stop id="st1" offset="0" stop-color="#bbdddd"/>
        <stop id="st2" offset="0.3" stop-color="#7eA6B9"/>
        <stop id="st3" offset="1" stop-color="#506b8b"/>
      </radialGradient>
    </defs>
    <path
       id="circle"
       style="fill:url(#aigrd1);stroke:#a4c9ee;stroke-width:7"
       d="M356.643,263.366c0,57.027-46.23,103.257-103.256,103.257c-57.027,0-103.256-46.229-103.256-103.257c0-57.027,46.229-103.256,103.256-103.256     c57.025,0,103.256,46.229,103.256,103.256z"
       transform="matrix(2.04451,0,0,2.04451,-264.353,-281.723)" />
    <path
       style="fill:#ffffff;stroke:#1c6772;stroke-width:2.4"
       d="M305.753,281.376c0,0-18.858-18.856-27.854-27.851c7.943-7.944,21.152-21.153,21.152-21.153c1.913-1.913,2.929-4.471,2.929-7.073c0-1.289-0.249-2.588-0.762-3.825c-1.548-3.736-5.193-6.173-9.238-6.173     l-76.863,0c-5.523,0-10,4.477-10,10v76.867c0,4.045,2.437,7.691,6.173,9.239c3.737,1.548,8.039,0.691,10.898-2.169c0,0,13.208-13.211,21.152-21.155c8.996,8.996,27.852,27.854,27.852,27.854c1.875,1.876,4.419,2.93,7.071,2.93s5.195-1.054,7.071-2.929l20.42-20.42     c1.875-1.876,2.929-4.419,2.929-7.071s-1.054-5.196-2.93-7.071z"
       id="arrow"
       transform="matrix(-1.41204,-1.39804,1.39804,-1.41204,249.028,985.197)" />
  </svg>
  <parameters>
    <parameter>
      <title>Colour 1</title>
      <name>c1</name>
      <type>colour</type>
      <element>st1</element>
	  <attribute>stop-color</attribute>
    </parameter>
    <parameter>
      <title>Colour 2</title>
      <name>c2</name>
      <type>colour</type>
      <element>st2</element>
	  <attribute>stop-color</attribute>
    </parameter>
    <parameter>
      <title>Colour 3</title>
      <name>c3</name>
      <type>colour</type>
      <element>st3</element>
	  <attribute>stop-color</attribute>
    </parameter>
    <parameter>
      <title>Ring colour</title>
      <name>ring</name>
      <type>colour</type>
      <element>circle</element>
	  <attribute>stroke</attribute>
    </parameter>
	<parameter>
      <title>Arrow colour</title>
      <name>arrow</name>
      <type>colour</type>
      <element>arrow</element>
	  <attribute>fill</attribute>
	  <changeable/>
	  <default-value>
	     <highlighted>#2660A3</highlighted>
		 <selected>#0000FF</selected>
	  </default-value>
    </parameter>
  </parameters>
</button>
