<?xml version="1.0" encoding="utf-8"?>
<button>
  <title>Arrow</title>
  <svg width="48" height="48" viewBox="0 0 508 508">
  <path
     style="stroke:none;stroke-width:0.979268;stroke-opacity:0.986014;fill:#a4c9ee;fill-opacity:0.7;"
     d="M134.757,263.776c0,66.739,54.298,121.04,121.039,121.04c66.739,0,121.039-54.301,121.039-121.04c0-66.741-54.3-121.039-121.039-121.039c-66.741,0-121.039,54.298-121.039,121.039z"
     id="circle"
     transform="matrix(1.89511,0,0,1.91236,-231.458,-247.971)" />
  <path
     style="fill:none;fill-rule:evenodd;stroke:#1c6671;stroke-width:7.73106;stroke-opacity:0.988235;"
     d="M356.643,263.366c0,57.027-46.23,103.257-103.256,103.257c-57.027,0-103.256-46.229-103.256-103.257c0-57.027,46.229-103.256,103.256-103.256     c57.025,0,103.256,46.229,103.256,103.256z"
     id="mount"
     transform="matrix(2.04451,0,0,2.04451,-264.353,-281.723)" />
  <path
     style="fill:#ffffff;stroke:#1c6772;stroke-width:2.4"
     d="M305.753,281.376c0,0-18.858-18.856-27.854-27.851c7.943-7.944,21.152-21.153,21.152-21.153c1.913-1.913,2.929-4.471,2.929-7.073c0-1.289-0.249-2.588-0.762-3.825c-1.548-3.736-5.193-6.173-9.238-6.173     l-76.863,0c-5.523,0-10,4.477-10,10v76.867c0,4.045,2.437,7.691,6.173,9.239c3.737,1.548,8.039,0.691,10.898-2.169c0,0,13.208-13.211,21.152-21.155c8.996,8.996,27.852,27.854,27.852,27.854c1.875,1.876,4.419,2.93,7.071,2.93s5.195-1.054,7.071-2.929l20.42-20.42     c1.875-1.876,2.929-4.419,2.929-7.071s-1.054-5.196-2.93-7.071z"
     id="arrow"
     transform="matrix(-1.41204,-1.39804,1.39804,-1.41204,249.028,985.197)" />
  </svg>
  <parameters>
    <parameter>
      <title>Colour of the circle</title>
      <name>circle</name>
      <type>colour</type>
      <element>circle</element>
	  <attribute>fill</attribute>
    </parameter>
    <parameter>
      <title>Ring colour</title>
      <name>mount</name>
      <type>colour</type>
      <element>mount</element>
	  <attribute>stroke</attribute>
    </parameter>
	<parameter>
      <title>Arrow colour</title>
      <name>arrow</name>
      <type>colour</type>
      <element>arrow</element>
	  <attribute>fill</attribute>
	  <changeable/>
	  <default-value>
	     <highlighted>#1D6772</highlighted>
		 <selected>#0000FF</selected>
	  </default-value>
    </parameter>
  </parameters>
</button>
