<?xml version="1.0" encoding="utf-8"?>
<button>
  <title>pill</title>
 
<svg width="8" height="8">
  <linearGradient id="linearGradient1755">
    <stop id="stop1756" offset="0" stop-color="#0d56db" stop-opacity="1"/>
    <stop id="stop1757" offset="1" stop-color="#061176" stop-opacity="1"/>
  </linearGradient>
  <linearGradient id="linearGradient11186"
     x1="41.9%" y1="90%" x2="41.9%" y2="0%"
     gradientUnits="userSpaceOnUse"
     gradientTransform="matrix(1.08961,0,0,0.327651,2.575786,-0.672159)">
     <stop id="stop1760" offset="0" style="stop-color:#ffffff;stop-opacity:0;"/>
     <stop id="stop1761" offset="1" style="stop-color:#ffffff;stop-opacity:1;"/>
  </linearGradient>
  <linearGradient id="linearGradient11189"
     x1="80.4%" y1="300%" x2="80.4%" y2="10%"
     xlink:href="#linearGradient1755"
     gradientUnits="userSpaceOnUse"
     gradientTransform="matrix(1.08961,0,0,0.327651,2.575786,-0.672159)" />
  <linearGradient id="linearGradient11191"
     x1="80.4%" y1="10%" x2="80.4%" y2="300%"
     xlink:href="#linearGradient1755"
     gradientUnits="userSpaceOnUse"
     gradientTransform="matrix(1.08961,0,0,0.327651,2.575786,-0.672159)" />
  <rect id="rect1061"
     x="5%" y="5%" width="90%" height="90%" rx="20%" ry="50%"
     fill = "url(#linearGradient11189)" fill-opacity="1"
     stroke="url(#linearGradient11191)" stroke-width="4%" stroke-opacity="1" />
  <rect id="rect1758"
     x="8%" y="11.06%" width="84%" height="63.9%" rx="20%" ry="50%"
     style="fill:url(#linearGradient11186);fill-opacity:1;stroke:none" />
  <text id="text" x="50%" y="50%"
     text-anchor="middle" dominant-baseline="middle"
     fill="#000000">Menu</text>
</svg>


  <parameters>
    <parameter>
      <title>C1</title>
      <name>pill</name>
      <type>colour</type>
      <element>stop1756</element>
      <attribute>stop-color</attribute>
    </parameter>
    <parameter>
      <title>C2</title>
      <name>pill2</name>
      <type>colour</type>
      <element>stop1757</element>
      <attribute>stop-color</attribute>
    </parameter>
    <parameter>
      <title>Label</title>
      <name>text</name>
      <type>text</type>
      <element>text</element>
    </parameter>
	<parameter>
      <title>Text colour</title>
      <name>text_fill</name>
      <type>colour</type>
      <element>text</element>
	  <attribute>fill</attribute>
	  <changeable/>
	  <default-value>
	     <highlighted>#00FF00</highlighted>
		 <selected>#FF0000</selected>
	  </default-value>
    </parameter>
  </parameters>
  <default-size>
    <element>text</element>
    <width>100</width>
    <height>30</height>
  </default-size>
  <min-size>
    <element>text</element>
    <width>30</width>
    <height>15</height>
  </min-size>
</button>
