<?xml version="1.0" encoding="utf-8"?>
<object>
  <title>Rectangle</title>
  <svg width="50" height="50">
	<rect id="rect" x="0%" y="0%" width="100%" height="100%"
      rx="5" ry="5" fill="blue" fill-opacity="1.0"/>
  </svg>
  <parameters>
    <parameter>
      <title>Rx</title>
      <name>rx</name>
      <type>integer</type>
      <element>rect</element>
	  <attribute>rx</attribute>
    </parameter>
    <parameter>
      <title>Ry</title>
      <name>ry</name>
      <type>integer</type>
      <element>rect</element>
	  <attribute>ry</attribute>
    </parameter>
    <parameter>
      <title>Colour</title>
      <name>fill</name>
      <type>colour</type>
      <element>rect</element>
	  <attribute>fill</attribute>
    </parameter>
  </parameters>
  <min-size>
    <width>8</width>
    <height>8</height>
  </min-size>
</object>
