<?xml version="1.0" encoding="utf-8"?>
<object version="2">
  <title>Text</title>
  <svg width="8" height="8">
    <rect id="background" x="0" y="0" width="100%" height="100%" fill="none"/>
    <text id="text" x="50%" y="50%"
          text-anchor="middle" dominant-baseline="middle"
          fill="#FFFFFF" stroke="none" stroke-width="1">text</text>
  </svg>
  <parameters>
    <parameter>
      <title>Text</title>
      <name>text</name>
      <type>text</type>
      <element>text</element>
    </parameter>
	<parameter>
      <title>Fill colour</title>
      <name>colour_fill</name>
      <type>colour</type>
      <element>text</element>
	  <attribute>fill</attribute>
    </parameter>
	<parameter>
      <title>Outline colour</title>
      <name>colour_stroke</name>
      <type>colour</type>
      <element>text</element>
	  <attribute>stroke</attribute>
    </parameter>
	<parameter>
      <title>Outline width</title>
      <name>stroke_width</name>
      <type>string</type>
      <element>text</element>
	  <attribute>stroke-width</attribute>
    </parameter>
    <parameter>
      <title>Background colour</title>
      <name>bg_fill</name>
      <type>colour</type>
      <element>background</element>
	  <attribute>fill</attribute>
    </parameter>
  </parameters>
  <init-parameter>text</init-parameter>
  <default-size>
    <element>text</element>
    <width>8</width>
    <height>8</height>
  </default-size>
  <min-size>
    <element>text</element>
    <width>8</width>
    <height>8</height>
  </min-size>
</object>
